ID,Name,Surname,Price, FlyCode,Class,StatusFlight
1000,Saleem,Torres,20000.000000,MM0987B,EconomyClass,N/A
999,Tamarra,Navarro,15000.000000,MM0987B,EconomyClass,N/A
998,Jaye,Gutierrez,25000.000000,MM0987B,EconomyClass,N/A
997,De witt,Alonso,12000.000000,MM0987B,EconomyClass,N/A
996,Atalanta,Romero,37000.000000,MM0987B,EconomyClass,N/A
995,Maxi,Munoz,18000.000000,MM0987B,EconomyClass,N/A
994,Raquela,alvarez,12000.000000,MM0987B,EconomyClass,N/A
993,Angelia,Moreno,50000.000000,MM0987B,EconomyClass,N/A
992,Trenna,Ramos,10000.000000,MM0987B,EconomyClass,N/A
991,Zaccaria,Vazquez,33000.000000,MM0987B,EconomyClass,N/A
990,Chiarra,Dominguez,18000.000000,MM0987B,EconomyClass,N/A
989,Wandie,Torres,25000.000000,BA2491A,EconomyClass,N/A
988,Dawn,Navarro,37000.000000,BA2491A,EconomyClass,N/A
987,Mohammed,Gutierrez,42000.000000,BA2491A,EconomyClass,N/A
986,Ferd,Alonso,25000.000000,BA2491A,EconomyClass,N/A
985,Erna,Romero,33000.000000,BA2491A,EconomyClass,N/A
984,Pebrook,Munoz,33000.000000,BA2491A,EconomyClass,N/A
983,Josi,alvarez,12000.000000,BA2491A,EconomyClass,N/A
982,Sharai,Moreno,10000.000000,BA2491A,EconomyClass,N/A
981,Genevieve,Diaz,20000.000000,BA2491A,EconomyClass,N/A
980,Brana,Hernandez,10000.000000,BA2491A,EconomyClass,N/A
979,Libbey,Ruiz,42000.000000,BA2491A,EconomyClass,N/A
978,Warner,Jimenez,30000.000000,IB0800A,EconomyClass,N/A
977,Wenonah,Martin,12000.000000,IB0800A,EconomyClass,N/A
976,Arlina,Gomez,33000.000000,IB0800A,EconomyClass,N/A
975,Aleksandr,Perez,42000.000000,IB0800A,EconomyClass,N/A
974,Herrick,Sanchez,30000.000000,IB0800A,EconomyClass,N/A
973,Guglielma,Martinez,15000.000000,IB0800A,EconomyClass,N/A
972,Sloan,Lopez,42000.000000,IB0800A,EconomyClass,N/A
971,Mercedes,Rodriguez,12000.000000,IB0800A,EconomyClass,N/A
970,Noach,Fernandez,12000.000000,IB0800A,EconomyClass,N/A
969,Charlie,Gonzalez,50000.000000,IB0800A,EconomyClass,N/A
968,Berenice,San Martin,10000.000000,IB0800A,EconomyClass,N/A
967,Esme,Farias,37000.000000,BR3456J,EconomyClass,N/A
966,Karon,Mendoza,10000.000000,BR3456J,EconomyClass,N/A
965,Kirstin,Guerrero,12000.000000,BR3456J,EconomyClass,N/A
964,Ansley,Venegas,37000.000000,BR3456J,EconomyClass,N/A
963,Arley,Ortega,33000.000000,BR3456J,EconomyClass,N/A
962,Burty,Toro,12000.000000,BR3456J,EconomyClass,N/A
961,Ginnie,Bustamante,15000.000000,BR3456J,EconomyClass,N/A
960,Zitella,Poblete,42000.000000,BR3456J,EconomyClass,N/A
959,Shaughn,Donoso,15000.000000,BR3456J,EconomyClass,N/A
958,Trista,Alvarado,50000.000000,BR3456J,EconomyClass,N/A
957,Floyd,Saez,15000.000000,MM0987B,EconomyClass,N/A
956,Sioux,Navarrete,12000.000000,MM0987B,EconomyClass,N/A
955,Delila,Carvajal,20000.000000,MM0987B,EconomyClass,N/A
954,Laetitia,Sanhueza,33000.000000,MM0987B,EconomyClass,N/A
953,Lacey,Moreno,50000.000000,MM0987B,EconomyClass,N/A
952,Edwina,Palma,42000.000000,MM0987B,EconomyClass,N/A
951,Wake,Pino,25000.000000,BR3456J,EconomyClass,N/A
950,Lonna,Medina,10000.000000,BR3456J,EconomyClass,N/A
949,Clerissa,Bustos,15000.000000,BR3456J,EconomyClass,N/A
948,Agustin,Maldonado,25000.000000,BR3456J,EconomyClass,N/A
947,Martyn,Lagos,25000.000000,BR3456J,EconomyClass,N/A
946,Kimberley,Godoy,18000.000000,BR3456J,EconomyClass,N/A
945,Cherice,Pena,15000.000000,BR3456J,EconomyClass,N/A
944,Isabeau,Zuniga,37000.000000,BA2491A,EconomyClass,N/A
943,Loria,Salinas,25000.000000,IB0800A,EconomyClass,N/A
942,Vernen,Vidal,18000.000000,IB0800A,EconomyClass,N/A
941,Nina,Valdes,25000.000000,IB0800A,EconomyClass,N/A
940,Josefina,Ruiz,30000.000000,IB0800A,EconomyClass,N/A
939,Verina,Escobar,37000.000000,IB0800A,EconomyClass,N/A
938,Arabel,Leiva,50000.000000,IB0800A,EconomyClass,N/A
937,Randy,Yanez,15000.000000,IB0800A,EconomyClass,N/A
936,Carolina,Caceres,33000.000000,IB0800A,EconomyClass,N/A
935,Jillane,Vazquez,37000.000000,IB0800A,EconomyClass,N/A
934,Dorette,Vargas,37000.000000,IB0800A,EconomyClass,N/A
933,Gui,Aravena,20000.000000,IB0800A,EconomyClass,N/A
932,Debby,Romero,18000.000000,IB0800A,EconomyClass,N/A
931,Callie,Parra,10000.000000,BR3456J,EconomyClass,N/A
930,Emory,Aguilera,37000.000000,BR3456J,EconomyClass,N/A
929,Melody,Navarro,20000.000000,BR3456J,EconomyClass,N/A
928,Hayden,Saavedra,30000.000000,BR3456J,EconomyClass,N/A
927,Robinia,Henriquez,10000.000000,BR3456J,EconomyClass,N/A
926,Abbie,Guzman,18000.000000,BR3456J,EconomyClass,N/A
925,Wittie,Salazar,37000.000000,BR3456J,ExecutiveClass,N/A
924,Orlan,Garrido,25000.000000,BR3456J,ExecutiveClass,N/A
923,Ezekiel,Ortiz,20000.000000,BR3456J,ExecutiveClass,N/A
922,Wenda,Gallardo,12000.000000,BR3456J,ExecutiveClass,N/A
921,Odie,Alarcon,20000.000000,BR3456J,ExecutiveClass,N/A
920,Gretna,Olivares,42000.000000,BR3456J,ExecutiveClass,N/A
919,Calypso,Cardenas,12000.000000,BR3456J,ExecutiveClass,N/A
918,Alysia,Orellana,37000.000000,MM0987B,EconomyClass,N/A
917,Luis,Sandoval,12000.000000,MM0987B,EconomyClass,N/A
916,Saunder,Campos,37000.000000,MM0987B,EconomyClass,N/A
915,Tyrone,Vega,15000.000000,MM0987B,EconomyClass,N/A
914,Curry,Molina,20000.000000,MM0987B,EconomyClass,N/A
913,Anetta,Vera,10000.000000,MM0987B,EconomyClass,N/A
912,Oren,Bravo,20000.000000,MM0987B,EconomyClass,N/A
911,Maurie,Miranda,50000.000000,MM0987B,EconomyClass,N/A
910,Atlante,Garcia,33000.000000,MM0987B,EconomyClass,N/A
909,Leo,Riquelme,42000.000000,MM0987B,EconomyClass,N/A
908,Brittany,Figueroa,18000.000000,MM0987B,EconomyClass,N/A
907,Tabb,Rivera,50000.000000,BR3456J,ExecutiveClass,N/A
906,Lynn,Vergara,37000.000000,BR3456J,ExecutiveClass,N/A
905,Freda,Jara,42000.000000,BR3456J,FirstClass,N/A
904,Josiah,Nunez,12000.000000,BR3456J,FirstClass,N/A
903,Judas,Herrera,10000.000000,BR3456J,FirstClass,N/A
902,Coral,Cortes,18000.000000,BR3456J,FirstClass,N/A
901,Shaughn,Gomez,50000.000000,BR3456J,FirstClass,N/A
900,Riccardo,Carrasco,42000.000000,BR3456J,FirstClass,N/A
899,Martelle,Ramirez,15000.000000,BR3456J,FirstClass,N/A
898,Ki,Fernandez,30000.000000,BR3456J,FirstClass,N/A
897,Gabriell,Sanchez,10000.000000,FR5678G,EconomyClass,N/A
896,Oberon,Vasquez,15000.000000,FR5678G,EconomyClass,N/A
895,Frasquito,alvarez,15000.000000,FR5678G,EconomyClass,N/A
894,Gabbie,Pizarro,42000.000000,FR5678G,EconomyClass,N/A
893,Annamarie,Castro,20000.000000,FR5678G,EconomyClass,N/A
892,Devland,Gutierrez,10000.000000,FR5678G,EconomyClass,N/A
891,Conant,Reyes,37000.000000,FR5678G,EconomyClass,N/A
890,Madel,Tapia,12000.000000,FR5678G,EconomyClass,N/A
889,Flo,Castillo,42000.000000,FR5678G,EconomyClass,N/A
888,Katlin,Valenzuela,25000.000000,FR5678G,EconomyClass,N/A
887,Guillermo,Espinoza,42000.000000,FR5678G,EconomyClass,N/A
886,Bailey,Flores,30000.000000,FR5678G,EconomyClass,N/A
885,Jan,Araya,18000.000000,FR5678G,EconomyClass,N/A
884,Lona,Torres,30000.000000,FR5678G,EconomyClass,N/A
883,Callida,Hernandez,33000.000000,FR5678G,EconomyClass,N/A
882,Rina,Fuentes,25000.000000,FR5678G,EconomyClass,N/A
881,Kenna,Lopez,25000.000000,FR5678G,EconomyClass,N/A
880,Josi,Rodriguez,18000.000000,FR5678G,EconomyClass,N/A
879,Barbey,Morales,12000.000000,FR5678G,EconomyClass,N/A
878,Ralf,Sepulveda,12000.000000,FR5678G,EconomyClass,N/A
877,Mac,Martinez,25000.000000,FR5678G,EconomyClass,N/A
876,Cecil,Silva,37000.000000,FR5678G,EconomyClass,N/A
875,Saw,Contreras,15000.000000,FR5678G,EconomyClass,N/A
874,Estella,Soto,20000.000000,FR5678G,EconomyClass,N/A
873,Thomasa,Perez,18000.000000,FR5678G,EconomyClass,N/A
872,Madonna,Diaz,10000.000000,FR5678G,EconomyClass,N/A
871,Phelia,Rojas,33000.000000,FR5678G,EconomyClass,N/A
870,Pearla,Munoz,33000.000000,FR5678G,EconomyClass,N/A
869,Malory,Gonzalez,42000.000000,FR5678G,EconomyClass,N/A
868,Trumaine,Ramos,42000.000000,FR5678G,EconomyClass,N/A
867,Emmanuel,Vazquez,30000.000000,FR5678G,EconomyClass,N/A
866,Rubi,Dominguez,18000.000000,FR5678G,EconomyClass,N/A
865,Devonna,Torres,18000.000000,FR5678G,EconomyClass,N/A
864,Alonzo,Navarro,12000.000000,FR5678G,EconomyClass,N/A
863,Cherish,Gutierrez,42000.000000,FR5678G,EconomyClass,N/A
862,Holden,Alonso,50000.000000,FR5678G,EconomyClass,N/A
861,Pietrek,Romero,25000.000000,FR5678G,EconomyClass,N/A
860,Fair,Munoz,37000.000000,FR5678G,EconomyClass,N/A
859,Abramo,alvarez,37000.000000,FR5678G,EconomyClass,N/A
858,Ophelie,Moreno,37000.000000,FR5678G,EconomyClass,N/A
857,Devlen,Diaz,37000.000000,FR5678G,EconomyClass,N/A
856,Henrieta,Hernandez,30000.000000,FR5678G,EconomyClass,N/A
855,Vassili,Ruiz,33000.000000,FR5678G,EconomyClass,N/A
854,Levon,Jimenez,25000.000000,FR5678G,EconomyClass,N/A
853,Eve,Martin,12000.000000,FR5678G,EconomyClass,N/A
852,Giacopo,Gomez,18000.000000,FR5678G,EconomyClass,N/A
851,Sidoney,Perez,20000.000000,FR5678G,EconomyClass,N/A
850,Amanda,Sanchez,37000.000000,FR5678G,EconomyClass,N/A
849,Gibb,Martinez,20000.000000,FR5678G,EconomyClass,N/A
848,Rasia,Lopez,37000.000000,FR5678G,EconomyClass,N/A
847,Estella,Rodriguez,42000.000000,FR5678G,EconomyClass,N/A
846,Brendin,Fernandez,10000.000000,FR5678G,EconomyClass,N/A
845,Yardley,Gonzalez,50000.000000,FR5678G,EconomyClass,N/A
844,Bella,San Martin,18000.000000,FR5678G,EconomyClass,N/A
843,Grant,Farias,33000.000000,FR5678G,EconomyClass,N/A
842,Irv,Mendoza,15000.000000,FR5678G,EconomyClass,N/A
841,Shelley,Guerrero,15000.000000,FR5678G,EconomyClass,N/A
840,Wadsworth,Venegas,30000.000000,FR5678G,EconomyClass,N/A
839,Oralia,Ortega,10000.000000,FR5678G,EconomyClass,N/A
838,Hashim,Toro,50000.000000,FR5678G,EconomyClass,N/A
837,Corrina,Bustamante,50000.000000,FR5678G,EconomyClass,N/A
836,Keene,Poblete,25000.000000,FR5678G,EconomyClass,N/A
835,Adelle,Donoso,10000.000000,FR5678G,EconomyClass,N/A
834,Chad,Alvarado,15000.000000,FR5678G,EconomyClass,N/A
833,Oby,Saez,12000.000000,FR5678G,EconomyClass,N/A
832,Olivier,Navarrete,20000.000000,FR5678G,EconomyClass,N/A
831,Christina,Carvajal,37000.000000,FR5678G,EconomyClass,N/A
830,Cale,Sanhueza,50000.000000,FR5678G,EconomyClass,N/A
829,Conan,Moreno,20000.000000,FR5678G,EconomyClass,N/A
828,Norbert,Palma,20000.000000,FR5678G,EconomyClass,N/A
827,Angeli,Pino,20000.000000,FR5678G,EconomyClass,N/A
826,Yetta,Medina,25000.000000,FR5678G,EconomyClass,N/A
825,Andrei,Bustos,10000.000000,FR5678G,EconomyClass,N/A
824,Mercie,Maldonado,42000.000000,FR5678G,EconomyClass,N/A
823,Tania,Lagos,42000.000000,FR5678G,EconomyClass,N/A
822,Jefferey,Godoy,10000.000000,FR5678G,EconomyClass,N/A
821,Trevor,Pena,10000.000000,FR5678G,EconomyClass,N/A
820,Mag,Zuniga,12000.000000,FR5678G,EconomyClass,N/A
819,Roch,Salinas,33000.000000,FR5678G,EconomyClass,N/A
818,Hyatt,Vidal,20000.000000,FR5678G,EconomyClass,N/A
817,Cynthia,Valdes,25000.000000,FR5678G,EconomyClass,N/A
816,Michele,Ruiz,42000.000000,FR5678G,EconomyClass,N/A
815,Lefty,Escobar,50000.000000,FR5678G,EconomyClass,N/A
814,Obadiah,Leiva,12000.000000,FR5678G,EconomyClass,N/A
813,Agnes,Yanez,42000.000000,FR5678G,EconomyClass,N/A
812,Maxy,Caceres,15000.000000,FR5678G,EconomyClass,N/A
811,Susi,Vazquez,18000.000000,FR5678G,EconomyClass,N/A
810,Efrem,Vargas,20000.000000,FR5678G,EconomyClass,N/A
809,Obadias,Aravena,10000.000000,FR5678G,EconomyClass,N/A
808,Emanuel,Romero,30000.000000,FR5678G,EconomyClass,N/A
807,Wini,Parra,37000.000000,FR5678G,EconomyClass,N/A
806,Almira,Aguilera,42000.000000,FR5678G,EconomyClass,N/A
805,Fred,Navarro,25000.000000,FR5678G,EconomyClass,N/A
804,Earle,Saavedra,30000.000000,FR5678G,ExecutiveClass,N/A
803,Lazaro,Henriquez,10000.000000,FR5678G,ExecutiveClass,N/A
802,Sheilah,Guzman,42000.000000,FR5678G,ExecutiveClass,N/A
801,Janine,Salazar,50000.000000,FR5678G,ExecutiveClass,N/A
800,Daffi,Garrido,12000.000000,FR5678G,ExecutiveClass,N/A
799,Emmaline,Ortiz,37000.000000,FR5678G,ExecutiveClass,N/A
798,Yelena,Gallardo,50000.000000,FR5678G,ExecutiveClass,N/A
797,Diahann,Alarcon,33000.000000,FR5678G,ExecutiveClass,N/A
796,Hersh,Olivares,33000.000000,FR5678G,ExecutiveClass,N/A
795,Lorianna,Cardenas,15000.000000,FR5678G,ExecutiveClass,N/A
794,Harv,Orellana,42000.000000,FR5678G,ExecutiveClass,N/A
793,Grayce,Sandoval,33000.000000,FR5678G,ExecutiveClass,N/A
792,Jermayne,Campos,33000.000000,FR5678G,ExecutiveClass,N/A
791,Ki,Vega,42000.000000,FR5678G,ExecutiveClass,N/A
790,Noll,Molina,30000.000000,FR5678G,ExecutiveClass,N/A
789,Florella,Vera,25000.000000,FR5678G,ExecutiveClass,N/A
788,Adelaida,Bravo,37000.000000,FR5678G,ExecutiveClass,N/A
787,Fayre,Miranda,18000.000000,FR5678G,ExecutiveClass,N/A
786,Edan,Garcia,50000.000000,FR5678G,ExecutiveClass,N/A
785,Francine,Riquelme,42000.000000,FR5678G,ExecutiveClass,N/A
784,Marianne,Figueroa,33000.000000,FR5678G,ExecutiveClass,N/A
783,Crosby,Rivera,12000.000000,FR5678G,ExecutiveClass,N/A
782,Laughton,Vergara,15000.000000,FR5678G,ExecutiveClass,N/A
781,Felike,Jara,33000.000000,FR5678G,ExecutiveClass,N/A
780,Tootsie,Nunez,25000.000000,FR5678G,ExecutiveClass,N/A
779,Melva,Herrera,42000.000000,FR5678G,ExecutiveClass,N/A
778,Ingmar,Cortes,18000.000000,FR5678G,ExecutiveClass,N/A
777,Ree,Gomez,42000.000000,FR5678G,ExecutiveClass,N/A
776,Letta,Carrasco,10000.000000,FR5678G,ExecutiveClass,N/A
775,Wilie,Ramirez,30000.000000,FR5678G,ExecutiveClass,N/A
774,Barde,Fernandez,18000.000000,FR5678G,ExecutiveClass,N/A
773,Juliana,Sanchez,50000.000000,FR5678G,ExecutiveClass,N/A
772,Alica,Vasquez,37000.000000,FR5678G,ExecutiveClass,N/A
771,Portia,alvarez,33000.000000,FR5678G,ExecutiveClass,N/A
770,Barbey,Pizarro,20000.000000,FR5678G,ExecutiveClass,N/A
769,Egan,Castro,10000.000000,FR5678G,ExecutiveClass,N/A
768,Blakeley,Gutierrez,18000.000000,FR5678G,ExecutiveClass,N/A
767,Brynne,Reyes,18000.000000,FR5678G,ExecutiveClass,N/A
766,Toby,Tapia,20000.000000,FR5678G,ExecutiveClass,N/A
765,Jenny,Castillo,33000.000000,FR5678G,ExecutiveClass,N/A
764,Roslyn,Valenzuela,10000.000000,FR5678G,FirstClass,N/A
763,Davidson,Espinoza,37000.000000,FR5678G,FirstClass,N/A
762,Lucienne,Flores,25000.000000,FR5678G,FirstClass,N/A
761,Galvan,Araya,33000.000000,FR5678G,FirstClass,N/A
760,Sidonia,Torres,10000.000000,FR5678G,FirstClass,N/A
759,Nanete,Hernandez,37000.000000,FR5678G,FirstClass,N/A
758,Boycie,Fuentes,18000.000000,FR5678G,FirstClass,N/A
757,Kerianne,Lopez,37000.000000,FR5678G,FirstClass,N/A
756,Kaitlynn,Rodriguez,15000.000000,FR5678G,FirstClass,N/A
755,Dorian,Morales,15000.000000,FR5678G,FirstClass,N/A
754,Amber,Sepulveda,42000.000000,FR5678G,FirstClass,N/A
753,Andrej,Martinez,50000.000000,FR5678G,FirstClass,N/A
752,Arch,Silva,33000.000000,FR5678G,FirstClass,N/A
751,Jude,Contreras,12000.000000,FR5678G,FirstClass,N/A
750,Zsa zsa,Soto,20000.000000,FR5678G,FirstClass,N/A
749,Carola,Perez,10000.000000,FR5678G,FirstClass,N/A
748,Mitchael,Diaz,33000.000000,FR5678G,FirstClass,N/A
747,Graehme,Rojas,18000.000000,FR5678G,FirstClass,N/A
746,Rosemarie,Munoz,10000.000000,FR5678G,FirstClass,N/A
745,Gordon,Gonzalez,12000.000000,FR5678G,FirstClass,N/A
744,Melonie,Ramos,33000.000000,FR5678G,FirstClass,N/A
743,Pancho,Vazquez,18000.000000,FR5678G,FirstClass,N/A
742,Silvano,Dominguez,12000.000000,FR5678G,FirstClass,N/A
741,Carleton,Torres,15000.000000,FR5678G,FirstClass,N/A
740,Chen,Navarro,37000.000000,FR5678G,FirstClass,N/A
739,Winnifred,Gutierrez,10000.000000,FR5678G,FirstClass,N/A
738,Silvie,Alonso,12000.000000,FR5678G,FirstClass,N/A
737,Keith,Romero,20000.000000,FR5678G,FirstClass,N/A
736,Arvie,Munoz,15000.000000,IB0800A,EconomyClass,N/A
735,Kaia,alvarez,25000.000000,IB0800A,EconomyClass,N/A
734,Silas,Moreno,20000.000000,IB0800A,EconomyClass,N/A
733,Evvy,Diaz,42000.000000,IB0800A,EconomyClass,N/A
732,Enrica,Hernandez,18000.000000,IB0800A,EconomyClass,N/A
731,Cassandry,Ruiz,33000.000000,IB0800A,EconomyClass,N/A
730,Emmet,Jimenez,37000.000000,IB0800A,EconomyClass,N/A
729,Osbert,Martin,33000.000000,IB0800A,EconomyClass,N/A
728,Klara,Gomez,50000.000000,IB0800A,EconomyClass,N/A
727,Rickie,Perez,42000.000000,IB0800A,EconomyClass,N/A
726,Jonathon,Sanchez,50000.000000,IB0800A,EconomyClass,N/A
725,Cristina,Martinez,15000.000000,IB0800A,EconomyClass,N/A
724,Zia,Lopez,42000.000000,IB0800A,EconomyClass,N/A
723,Darlene,Rodriguez,42000.000000,IB0800A,EconomyClass,N/A
722,Joannes,Fernandez,10000.000000,IB0800A,EconomyClass,N/A
721,Riobard,Gonzalez,42000.000000,IB0800A,EconomyClass,N/A
720,Jennie,San Martin,42000.000000,IB0800A,EconomyClass,N/A
719,Kamila,Farias,42000.000000,IB0800A,EconomyClass,N/A
718,Fina,Mendoza,42000.000000,IB0800A,EconomyClass,N/A
717,Hyacinthia,Guerrero,25000.000000,IB0800A,EconomyClass,N/A
716,Elita,Venegas,18000.000000,IB0800A,EconomyClass,N/A
715,Lucky,Ortega,42000.000000,IB0800A,EconomyClass,N/A
714,Jerrylee,Toro,10000.000000,HY4567D,EconomyClass,N/A
713,Roslyn,Bustamante,25000.000000,HY4567D,EconomyClass,N/A
712,Matelda,Poblete,18000.000000,HY4567D,EconomyClass,N/A
711,Cinda,Donoso,42000.000000,HY4567D,EconomyClass,N/A
710,Nikolaus,Alvarado,30000.000000,HY4567D,EconomyClass,N/A
709,Hagan,Saez,50000.000000,HY4567D,EconomyClass,N/A
708,Merle,Navarrete,10000.000000,HY4567D,EconomyClass,N/A
707,Petronille,Carvajal,42000.000000,HY4567D,EconomyClass,N/A
706,Lia,Sanhueza,20000.000000,HY4567D,EconomyClass,N/A
705,Ariella,Moreno,12000.000000,HY4567D,EconomyClass,N/A
704,Pauly,Palma,30000.000000,HY4567D,EconomyClass,N/A
703,Alverta,Pino,25000.000000,HY4567D,EconomyClass,N/A
702,Rikki,Medina,12000.000000,HY4567D,EconomyClass,N/A
701,Tedra,Bustos,33000.000000,HY4567D,EconomyClass,N/A
700,Abbot,Maldonado,33000.000000,HY4567D,EconomyClass,N/A
699,Evelyn,Lagos,10000.000000,HY4567D,EconomyClass,N/A
698,Paddie,Godoy,33000.000000,HY4567D,EconomyClass,N/A
697,Robbie,Pena,30000.000000,HY4567D,EconomyClass,N/A
696,Erhard,Zuniga,33000.000000,HY4567D,EconomyClass,N/A
695,Justino,Salinas,18000.000000,HY4567D,EconomyClass,N/A
694,Terrie,Vidal,42000.000000,HY4567D,EconomyClass,N/A
693,Baxy,Valdes,20000.000000,HY4567D,EconomyClass,N/A
692,Zorina,Ruiz,18000.000000,HY4567D,EconomyClass,N/A
691,Krishna,Escobar,50000.000000,HY4567D,EconomyClass,N/A
690,Krystyna,Leiva,50000.000000,HY4567D,EconomyClass,N/A
689,Terrence,Yanez,42000.000000,HY4567D,EconomyClass,N/A
688,Xenos,Caceres,37000.000000,HY4567D,EconomyClass,N/A
687,Devondra,Vazquez,10000.000000,HY4567D,EconomyClass,N/A
686,Rosalyn,Vargas,37000.000000,HY4567D,EconomyClass,N/A
685,Yul,Aravena,30000.000000,HY4567D,EconomyClass,N/A
684,Sly,Romero,42000.000000,HY4567D,EconomyClass,N/A
683,Jaquenette,Parra,25000.000000,HY4567D,EconomyClass,N/A
682,Tally,Aguilera,42000.000000,HY4567D,EconomyClass,N/A
681,Burgess,Navarro,12000.000000,HY4567D,EconomyClass,N/A
680,Flore,Saavedra,30000.000000,HY4567D,EconomyClass,N/A
679,Tomi,Henriquez,50000.000000,HY4567D,EconomyClass,N/A
678,Nilson,Guzman,10000.000000,HY4567D,EconomyClass,N/A
677,Galen,Salazar,50000.000000,HY4567D,EconomyClass,N/A
676,Nani,Garrido,50000.000000,HY4567D,EconomyClass,N/A
675,Immanuel,Ortiz,33000.000000,HY4567D,EconomyClass,N/A
674,Lamont,Gallardo,33000.000000,HY4567D,EconomyClass,N/A
673,Lambert,Alarcon,42000.000000,HY4567D,EconomyClass,N/A
672,Sheila-kathryn,Olivares,10000.000000,HY4567D,EconomyClass,N/A
671,Jacqueline,Cardenas,50000.000000,HY4567D,EconomyClass,N/A
670,Arlette,Orellana,30000.000000,HY4567D,EconomyClass,N/A
669,Beverlee,Sandoval,25000.000000,HY4567D,EconomyClass,N/A
668,Katina,Campos,20000.000000,HY4567D,EconomyClass,N/A
667,Kennan,Vega,12000.000000,HY4567D,EconomyClass,N/A
666,Caritta,Molina,12000.000000,HY4567D,EconomyClass,N/A
665,Wheeler,Vera,25000.000000,HY4567D,EconomyClass,N/A
664,Natassia,Bravo,42000.000000,HY4567D,EconomyClass,N/A
663,Millie,Miranda,15000.000000,HY4567D,EconomyClass,N/A
662,Byrom,Garcia,42000.000000,HY4567D,EconomyClass,N/A
661,Shermie,Riquelme,12000.000000,HY4567D,EconomyClass,N/A
660,Cindi,Figueroa,12000.000000,HY4567D,EconomyClass,N/A
659,Willdon,Rivera,10000.000000,HY4567D,EconomyClass,N/A
658,Dorrie,Vergara,42000.000000,HY4567D,EconomyClass,N/A
657,Boothe,Jara,12000.000000,HY4567D,EconomyClass,N/A
656,Filmer,Nunez,50000.000000,HY4567D,EconomyClass,N/A
655,Maddy,Herrera,25000.000000,HY4567D,EconomyClass,N/A
654,Damara,Cortes,12000.000000,HY4567D,EconomyClass,N/A
653,Harmonia,Gomez,12000.000000,HY4567D,EconomyClass,N/A
652,Cesaro,Carrasco,30000.000000,HY4567D,EconomyClass,N/A
651,Thorndike,Ramirez,10000.000000,HY4567D,EconomyClass,N/A
650,Hugo,Fernandez,30000.000000,HY4567D,EconomyClass,N/A
649,Ruthy,Sanchez,20000.000000,HY4567D,EconomyClass,N/A
648,Ethan,Vasquez,12000.000000,HY4567D,EconomyClass,N/A
647,Felike,alvarez,12000.000000,HY4567D,EconomyClass,N/A
646,Arlie,Pizarro,42000.000000,HY4567D,EconomyClass,N/A
645,Sarajane,Castro,10000.000000,HY4567D,EconomyClass,N/A
644,Malachi,Gutierrez,25000.000000,HY4567D,EconomyClass,N/A
643,Neron,Reyes,42000.000000,HY4567D,EconomyClass,N/A
642,Elinor,Tapia,33000.000000,HY4567D,EconomyClass,N/A
641,Maia,Castillo,10000.000000,HY4567D,EconomyClass,N/A
640,Wolfy,Valenzuela,33000.000000,HY4567D,EconomyClass,N/A
639,Marylee,Espinoza,50000.000000,HY4567D,EconomyClass,N/A
638,Merissa,Flores,25000.000000,HY4567D,EconomyClass,N/A
637,Rosalia,Araya,18000.000000,HY4567D,EconomyClass,N/A
636,Abigail,Torres,18000.000000,HY4567D,EconomyClass,N/A
635,Sherwin,Hernandez,10000.000000,HY4567D,EconomyClass,N/A
634,Viva,Fuentes,25000.000000,HY4567D,EconomyClass,N/A
633,Shandra,Lopez,50000.000000,HY4567D,EconomyClass,N/A
632,Josepha,Rodriguez,20000.000000,HY4567D,EconomyClass,N/A
631,Ivonne,Morales,20000.000000,HY4567D,ExecutiveClass,N/A
630,Lyndy,Sepulveda,37000.000000,HY4567D,ExecutiveClass,N/A
629,Mace,Martinez,18000.000000,HY4567D,ExecutiveClass,N/A
628,Maddy,Silva,25000.000000,HY4567D,ExecutiveClass,N/A
627,Nicola,Contreras,12000.000000,HY4567D,ExecutiveClass,N/A
626,Menard,Soto,37000.000000,HY4567D,ExecutiveClass,N/A
625,Tonya,Perez,37000.000000,HY4567D,ExecutiveClass,N/A
624,Giraud,Diaz,15000.000000,HY4567D,ExecutiveClass,N/A
623,Dorotea,Rojas,10000.000000,HY4567D,ExecutiveClass,N/A
622,Hestia,Munoz,18000.000000,HY4567D,ExecutiveClass,N/A
621,Odessa,Gonzalez,50000.000000,HY4567D,ExecutiveClass,N/A
620,Lissy,Ramos,37000.000000,HY4567D,ExecutiveClass,N/A
619,Lyndsay,Vazquez,42000.000000,HY4567D,ExecutiveClass,N/A
618,Orson,Dominguez,25000.000000,HY4567D,ExecutiveClass,N/A
617,Kirk,Torres,30000.000000,HY4567D,ExecutiveClass,N/A
616,Hetti,Navarro,30000.000000,HY4567D,ExecutiveClass,N/A
615,Idalina,Gutierrez,50000.000000,HY4567D,ExecutiveClass,N/A
614,Fredia,Alonso,20000.000000,HY4567D,ExecutiveClass,N/A
613,Evin,Romero,12000.000000,HY4567D,ExecutiveClass,N/A
612,Fidole,Munoz,30000.000000,HY4567D,ExecutiveClass,N/A
611,Pearla,alvarez,20000.000000,HY4567D,ExecutiveClass,N/A
610,Sayre,Moreno,33000.000000,HY4567D,ExecutiveClass,N/A
609,Bernita,Diaz,15000.000000,HY4567D,ExecutiveClass,N/A
608,Joshia,Hernandez,25000.000000,HY4567D,ExecutiveClass,N/A
607,Lydia,Ruiz,15000.000000,HY4567D,ExecutiveClass,N/A
606,Dedie,Jimenez,33000.000000,HY4567D,ExecutiveClass,N/A
605,Minda,Martin,15000.000000,HY4567D,ExecutiveClass,N/A
604,Arvin,Gomez,50000.000000,HY4567D,ExecutiveClass,N/A
603,Cahra,Perez,50000.000000,HY4567D,ExecutiveClass,N/A
602,Brian,Sanchez,20000.000000,HY4567D,FirstClass,N/A
601,Emmalee,Martinez,18000.000000,HY4567D,FirstClass,N/A
600,Cornall,Lopez,18000.000000,HY4567D,FirstClass,N/A
599,Howard,Rodriguez,18000.000000,HY4567D,FirstClass,N/A
598,Eachelle,Fernandez,37000.000000,HY4567D,FirstClass,N/A
597,Isabelle,Gonzalez,20000.000000,HY4567D,FirstClass,N/A
596,Dylan,San Martin,30000.000000,HY4567D,FirstClass,N/A
595,Gray,Farias,42000.000000,HY4567D,FirstClass,N/A
594,Cyndia,Mendoza,33000.000000,HY4567D,FirstClass,N/A
593,Vic,Guerrero,25000.000000,HY4567D,FirstClass,N/A
592,Corabelle,Venegas,37000.000000,HY4567D,FirstClass,N/A
591,Emlyn,Ortega,50000.000000,HY4567D,FirstClass,N/A
590,Trumaine,Toro,15000.000000,HY4567D,FirstClass,N/A
589,Hesther,Bustamante,33000.000000,HY4567D,FirstClass,N/A
588,Lynnette,Poblete,37000.000000,HY4567D,FirstClass,N/A
587,Hayes,Donoso,10000.000000,HY4567D,FirstClass,N/A
586,Umeko,Alvarado,30000.000000,HY4567D,FirstClass,N/A
585,Horatius,Saez,18000.000000,HY4567D,FirstClass,N/A
584,Basil,Navarrete,12000.000000,HY4567D,FirstClass,N/A
583,Annabell,Carvajal,15000.000000,HY4567D,FirstClass,N/A
582,Grier,Sanhueza,42000.000000,HY4567D,FirstClass,N/A
581,Tiphani,Moreno,33000.000000,HY4567D,FirstClass,N/A
580,Delaney,Palma,50000.000000,HY4567D,FirstClass,N/A
579,Shel,Pino,25000.000000,HY4567D,FirstClass,N/A
578,Scarlett,Medina,20000.000000,HY4567D,FirstClass,N/A
577,Adrianne,Bustos,10000.000000,HY4567D,FirstClass,N/A
576,Corrina,Maldonado,15000.000000,HY4567D,FirstClass,N/A
575,Florida,Lagos,37000.000000,HY4567D,FirstClass,N/A
574,Phillipe,Godoy,37000.000000,GU2345F,EconomyClass,N/A
573,Sutherlan,Pena,10000.000000,GU2345F,EconomyClass,N/A
572,Antonella,Zuniga,15000.000000,GU2345F,EconomyClass,N/A
571,Carma,Salinas,33000.000000,GU2345F,EconomyClass,N/A
570,Retha,Vidal,15000.000000,GU2345F,EconomyClass,N/A
569,Carter,Valdes,33000.000000,GU2345F,EconomyClass,N/A
568,Modesta,Ruiz,33000.000000,GU2345F,EconomyClass,N/A
567,Dur,Escobar,25000.000000,GU2345F,EconomyClass,N/A
566,Lemmie,Leiva,18000.000000,GU2345F,EconomyClass,N/A
565,Rutherford,Yanez,15000.000000,GU2345F,EconomyClass,N/A
564,Briney,Caceres,12000.000000,GU2345F,EconomyClass,N/A
563,Keith,Vazquez,10000.000000,GU2345F,EconomyClass,N/A
562,Erica,Vargas,10000.000000,GU2345F,EconomyClass,N/A
561,Sasha,Aravena,15000.000000,GU2345F,EconomyClass,N/A
560,Hesther,Romero,15000.000000,GU2345F,EconomyClass,N/A
559,Jessamine,Parra,18000.000000,GU2345F,EconomyClass,N/A
558,Caren,Aguilera,15000.000000,GU2345F,EconomyClass,N/A
557,Babbie,Navarro,15000.000000,GU2345F,EconomyClass,N/A
556,Aeriela,Saavedra,37000.000000,GU2345F,EconomyClass,N/A
555,Clarice,Henriquez,33000.000000,GU2345F,EconomyClass,N/A
554,Lucais,Guzman,42000.000000,GU2345F,EconomyClass,N/A
553,Lynett,Salazar,37000.000000,GU2345F,EconomyClass,N/A
552,Delmore,Garrido,33000.000000,GU2345F,EconomyClass,N/A
551,Gauthier,Ortiz,12000.000000,GU2345F,EconomyClass,N/A
550,Mathe,Gallardo,12000.000000,GU2345F,EconomyClass,N/A
549,Josiah,Alarcon,12000.000000,GU2345F,EconomyClass,N/A
548,Mab,Olivares,25000.000000,GU2345F,EconomyClass,N/A
547,Marj,Cardenas,18000.000000,GU2345F,EconomyClass,N/A
546,Henrie,Orellana,50000.000000,GU2345F,EconomyClass,N/A
545,Domini,Sandoval,18000.000000,GU2345F,EconomyClass,N/A
544,Prisca,Campos,18000.000000,GU2345F,EconomyClass,N/A
543,Margeaux,Vega,18000.000000,GU2345F,EconomyClass,N/A
542,Gene,Molina,15000.000000,GU2345F,EconomyClass,N/A
541,Deny,Vera,18000.000000,GU2345F,EconomyClass,N/A
540,Saunders,Bravo,25000.000000,BA2491A,EconomyClass,N/A
539,Christie,Miranda,18000.000000,BA2491A,EconomyClass,N/A
538,Caren,Garcia,12000.000000,BA2491A,EconomyClass,N/A
537,Ced,Riquelme,20000.000000,BA2491A,EconomyClass,N/A
536,Delmar,Figueroa,42000.000000,BA2491A,EconomyClass,N/A
535,Frans,Rivera,33000.000000,BA2491A,EconomyClass,N/A
534,Bunnie,Vergara,33000.000000,GU2345F,EconomyClass,N/A
533,Dennison,Jara,25000.000000,GU2345F,EconomyClass,N/A
532,Nathalie,Nunez,37000.000000,GU2345F,EconomyClass,N/A
531,Maxi,Herrera,37000.000000,GU2345F,EconomyClass,N/A
530,Mort,Cortes,42000.000000,GU2345F,EconomyClass,N/A
529,Daveta,Gomez,20000.000000,GU2345F,EconomyClass,N/A
528,Helen-elizabeth,Carrasco,20000.000000,GU2345F,EconomyClass,N/A
527,Eveline,Ramirez,37000.000000,GU2345F,EconomyClass,N/A
526,Homer,Fernandez,10000.000000,GU2345F,EconomyClass,N/A
525,Edan,Sanchez,20000.000000,GU2345F,EconomyClass,N/A
524,Janey,Vasquez,42000.000000,GU2345F,EconomyClass,N/A
523,Eddy,alvarez,12000.000000,GU2345F,EconomyClass,N/A
522,Charles,Pizarro,42000.000000,GU2345F,EconomyClass,N/A
521,Sheridan,Castro,50000.000000,GU2345F,EconomyClass,N/A
520,Coop,Gutierrez,37000.000000,GU2345F,EconomyClass,N/A
519,Ethe,Reyes,20000.000000,GU2345F,EconomyClass,N/A
518,Erda,Tapia,37000.000000,GU2345F,EconomyClass,N/A
517,Danya,Castillo,25000.000000,GU2345F,EconomyClass,N/A
516,Pernell,Valenzuela,50000.000000,GU2345F,EconomyClass,N/A
515,Torrey,Espinoza,42000.000000,GU2345F,EconomyClass,N/A
514,Vincents,Flores,25000.000000,MM0987B,EconomyClass,N/A
513,Lorna,Araya,42000.000000,MM0987B,EconomyClass,N/A
512,Bird,Torres,18000.000000,MM0987B,EconomyClass,N/A
511,Markos,Hernandez,20000.000000,MM0987B,EconomyClass,N/A
510,Irena,Fuentes,20000.000000,MM0987B,EconomyClass,N/A
509,Cornie,Lopez,42000.000000,MM0987B,EconomyClass,N/A
508,Lin,Rodriguez,12000.000000,MM0987B,EconomyClass,N/A
507,Patrice,Morales,37000.000000,GU2345F,EconomyClass,N/A
506,Lothaire,Sepulveda,20000.000000,GU2345F,EconomyClass,N/A
505,Martguerita,Martinez,50000.000000,GU2345F,EconomyClass,N/A
504,Karie,Silva,25000.000000,GU2345F,EconomyClass,N/A
503,Patton,Contreras,15000.000000,GU2345F,EconomyClass,N/A
502,Callie,Soto,50000.000000,GU2345F,EconomyClass,N/A
501,Gabi,Perez,30000.000000,GU2345F,EconomyClass,N/A
500,Warren,Diaz,25000.000000,GU2345F,EconomyClass,N/A
499,Bibbie,Rojas,37000.000000,GU2345F,EconomyClass,N/A
498,Gretchen,Munoz,12000.000000,GU2345F,EconomyClass,N/A
497,Fredia,Gonzalez,30000.000000,GU2345F,EconomyClass,N/A
496,Conrado,Ramos,50000.000000,GU2345F,EconomyClass,N/A
495,Willey,Vazquez,15000.000000,GU2345F,EconomyClass,N/A
494,Mirilla,Dominguez,30000.000000,GU2345F,EconomyClass,N/A
493,Joshia,Torres,33000.000000,GU2345F,EconomyClass,N/A
492,Minny,Navarro,33000.000000,GU2345F,EconomyClass,N/A
491,Skipton,Gutierrez,10000.000000,GU2345F,EconomyClass,N/A
490,Tamarah,Alonso,50000.000000,GU2345F,EconomyClass,N/A
489,Dorothea,Romero,15000.000000,GU2345F,EconomyClass,N/A
488,Hedvige,Munoz,37000.000000,GU2345F,EconomyClass,N/A
487,Rorie,alvarez,25000.000000,GU2345F,EconomyClass,N/A
486,Bartholomew,Moreno,33000.000000,GU2345F,EconomyClass,N/A
485,Melisse,Diaz,10000.000000,GU2345F,EconomyClass,N/A
484,Kym,Hernandez,20000.000000,GU2345F,EconomyClass,N/A
483,Micheil,Ruiz,37000.000000,GU2345F,EconomyClass,N/A
482,Tori,Jimenez,42000.000000,GU2345F,EconomyClass,N/A
481,Lionello,Martin,37000.000000,GU2345F,EconomyClass,N/A
480,Marissa,Gomez,37000.000000,GU2345F,EconomyClass,N/A
479,Benita,Perez,25000.000000,GU2345F,EconomyClass,N/A
478,Brooke,Sanchez,20000.000000,GU2345F,EconomyClass,N/A
477,Mariele,Martinez,33000.000000,GU2345F,EconomyClass,N/A
476,Abigael,Lopez,12000.000000,GU2345F,ExecutiveClass,N/A
475,Coletta,Rodriguez,50000.000000,GU2345F,ExecutiveClass,N/A
474,Salomi,Fernandez,10000.000000,GU2345F,ExecutiveClass,N/A
473,Erek,Gonzalez,10000.000000,GU2345F,ExecutiveClass,N/A
472,Saidee,San Martin,50000.000000,GU2345F,ExecutiveClass,N/A
471,Ramsay,Farias,20000.000000,GU2345F,ExecutiveClass,N/A
470,Rod,Mendoza,50000.000000,GU2345F,ExecutiveClass,N/A
469,Chrisy,Guerrero,15000.000000,GU2345F,ExecutiveClass,N/A
468,Kendell,Venegas,25000.000000,GU2345F,ExecutiveClass,N/A
467,Svend,Ortega,25000.000000,GU2345F,ExecutiveClass,N/A
466,Carlye,Toro,37000.000000,GU2345F,ExecutiveClass,N/A
465,Carley,Bustamante,12000.000000,GU2345F,ExecutiveClass,N/A
464,Liana,Poblete,15000.000000,GU2345F,ExecutiveClass,N/A
463,Shea,Donoso,12000.000000,GU2345F,ExecutiveClass,N/A
462,Marsiella,Alvarado,20000.000000,GU2345F,ExecutiveClass,N/A
461,Anthia,Saez,37000.000000,GU2345F,ExecutiveClass,N/A
460,Mac,Navarrete,20000.000000,GU2345F,ExecutiveClass,N/A
459,Karen,Carvajal,20000.000000,GU2345F,ExecutiveClass,N/A
458,Kassi,Sanhueza,37000.000000,GU2345F,ExecutiveClass,N/A
457,Arnaldo,Moreno,10000.000000,GU2345F,ExecutiveClass,N/A
456,Leeanne,Palma,10000.000000,GU2345F,ExecutiveClass,N/A
455,Hilly,Pino,30000.000000,GU2345F,ExecutiveClass,N/A
454,Korella,Medina,33000.000000,GU2345F,ExecutiveClass,N/A
453,Portie,Bustos,15000.000000,GU2345F,ExecutiveClass,N/A
452,Samara,Maldonado,50000.000000,GU2345F,ExecutiveClass,N/A
451,Margalit,Lagos,15000.000000,GU2345F,ExecutiveClass,N/A
450,Alexandr,Godoy,18000.000000,GU2345F,ExecutiveClass,N/A
449,Julietta,Pena,42000.000000,GU2345F,ExecutiveClass,N/A
448,Lenora,Zuniga,18000.000000,GU2345F,ExecutiveClass,N/A
447,Guy,Salinas,42000.000000,GU2345F,ExecutiveClass,N/A
446,Rina,Vidal,20000.000000,GU2345F,ExecutiveClass,N/A
445,Ozzie,Valdes,20000.000000,GU2345F,ExecutiveClass,N/A
444,Chrissy,Ruiz,18000.000000,GU2345F,ExecutiveClass,N/A
443,Davon,Escobar,20000.000000,GU2345F,ExecutiveClass,N/A
442,Tam,Leiva,20000.000000,GU2345F,ExecutiveClass,N/A
441,Regine,Yanez,10000.000000,GU2345F,FirstClass,N/A
440,Garold,Caceres,20000.000000,GU2345F,FirstClass,N/A
439,Leelah,Vazquez,25000.000000,GU2345F,FirstClass,N/A
438,Gardie,Vargas,12000.000000,GU2345F,FirstClass,N/A
437,Any,Aravena,18000.000000,GU2345F,FirstClass,N/A
436,Felicdad,Romero,18000.000000,GU2345F,FirstClass,N/A
435,Wesley,Parra,10000.000000,GU2345F,FirstClass,N/A
434,Brietta,Aguilera,42000.000000,GU2345F,FirstClass,N/A
433,Emmit,Navarro,12000.000000,GU2345F,FirstClass,N/A
432,Wade,Saavedra,12000.000000,GU2345F,FirstClass,N/A
431,Smitty,Henriquez,15000.000000,GU2345F,FirstClass,N/A
430,Pincus,Guzman,42000.000000,GU2345F,FirstClass,N/A
429,Coleman,Salazar,25000.000000,GU2345F,FirstClass,N/A
428,Kelly,Garrido,37000.000000,GU2345F,FirstClass,N/A
427,Carine,Ortiz,33000.000000,GU2345F,FirstClass,N/A
426,Minnnie,Gallardo,20000.000000,GU2345F,FirstClass,N/A
425,Jordan,Alarcon,33000.000000,GU2345F,FirstClass,N/A
424,Chuck,Olivares,33000.000000,GU2345F,FirstClass,N/A
423,Keelby,Cardenas,15000.000000,GU2345F,FirstClass,N/A
422,Jennifer,Orellana,15000.000000,GU2345F,FirstClass,N/A
421,Neila,Sandoval,15000.000000,TU6789B,EconomyClass,N/A
420,Lothaire,Campos,12000.000000,TU6789B,EconomyClass,N/A
419,Ed,Vega,18000.000000,TU6789B,EconomyClass,N/A
418,Addia,Molina,20000.000000,TU6789B,EconomyClass,N/A
417,Sibley,Vera,20000.000000,TU6789B,EconomyClass,N/A
416,Dennie,Bravo,42000.000000,TU6789B,EconomyClass,N/A
415,Skylar,Miranda,20000.000000,TU6789B,EconomyClass,N/A
414,Morie,Garcia,12000.000000,TU6789B,EconomyClass,N/A
413,Clair,Riquelme,42000.000000,TU6789B,EconomyClass,N/A
412,Babita,Figueroa,30000.000000,TU6789B,EconomyClass,N/A
411,Frayda,Rivera,30000.000000,TU6789B,EconomyClass,N/A
410,Fidelia,Vergara,12000.000000,TU6789B,EconomyClass,N/A
409,Sileas,Jara,20000.000000,TU6789B,EconomyClass,N/A
408,Benson,Nunez,20000.000000,TU6789B,EconomyClass,N/A
407,Mikael,Herrera,50000.000000,TU6789B,EconomyClass,N/A
406,Fredric,Cortes,50000.000000,TU6789B,EconomyClass,N/A
405,Amerigo,Gomez,33000.000000,TU6789B,EconomyClass,N/A
404,Willa,Carrasco,30000.000000,TU6789B,EconomyClass,N/A
403,Bar,Ramirez,20000.000000,TU6789B,EconomyClass,N/A
402,Rachel,Fernandez,12000.000000,MM0987B,EconomyClass,N/A
401,Vail,Sanchez,33000.000000,MM0987B,EconomyClass,N/A
400,Prince,Vasquez,25000.000000,MM0987B,EconomyClass,N/A
399,Esdras,alvarez,37000.000000,MM0987B,ExecutiveClass,N/A
398,Easter,Pizarro,30000.000000,MM0987B,ExecutiveClass,N/A
397,Charil,Castro,33000.000000,MM0987B,ExecutiveClass,N/A
396,Iorgos,Gutierrez,18000.000000,MM0987B,ExecutiveClass,N/A
395,Livy,Reyes,20000.000000,MM0987B,ExecutiveClass,N/A
394,Gaelan,Tapia,25000.000000,MM0987B,ExecutiveClass,N/A
393,Barret,Castillo,10000.000000,MM0987B,ExecutiveClass,N/A
392,Vikki,Valenzuela,33000.000000,MM0987B,ExecutiveClass,N/A
391,Sherwin,Espinoza,50000.000000,MM0987B,ExecutiveClass,N/A
390,Ag,Flores,50000.000000,TU6789B,EconomyClass,N/A
389,Anna-maria,Araya,42000.000000,TU6789B,EconomyClass,N/A
388,Shauna,Torres,25000.000000,TU6789B,EconomyClass,N/A
387,Juliann,Hernandez,50000.000000,TU6789B,EconomyClass,N/A
386,Demeter,Fuentes,10000.000000,TU6789B,EconomyClass,N/A
385,Gayel,Lopez,20000.000000,TU6789B,EconomyClass,N/A
384,Nonnah,Rodriguez,25000.000000,TU6789B,EconomyClass,N/A
383,George,Morales,15000.000000,TU6789B,EconomyClass,N/A
382,Alister,Sepulveda,33000.000000,BA2491A,EconomyClass,N/A
381,Silas,Martinez,15000.000000,BA2491A,EconomyClass,N/A
380,Fran,Silva,30000.000000,BA2491A,EconomyClass,N/A
379,Crawford,Contreras,12000.000000,BA2491A,EconomyClass,N/A
378,Brigg,Soto,10000.000000,BA2491A,EconomyClass,N/A
377,Hussein,Perez,25000.000000,BA2491A,EconomyClass,N/A
376,Vikky,Diaz,15000.000000,BA2491A,EconomyClass,N/A
375,Nanni,Rojas,25000.000000,BA2491A,EconomyClass,N/A
374,Dalis,Munoz,42000.000000,TU6789B,EconomyClass,N/A
373,Veronica,Gonzalez,42000.000000,TU6789B,EconomyClass,N/A
372,Andy,Ramos,37000.000000,TU6789B,EconomyClass,N/A
371,Franni,Vazquez,42000.000000,TU6789B,EconomyClass,N/A
370,Ingrim,Dominguez,30000.000000,TU6789B,EconomyClass,N/A
369,Deni,Torres,42000.000000,TU6789B,EconomyClass,N/A
368,Clywd,Navarro,33000.000000,TU6789B,EconomyClass,N/A
367,Maryellen,Gutierrez,37000.000000,TU6789B,EconomyClass,N/A
366,Klarrisa,Alonso,18000.000000,TU6789B,EconomyClass,N/A
365,Neely,Romero,20000.000000,TU6789B,EconomyClass,N/A
364,Junie,Munoz,20000.000000,TU6789B,EconomyClass,N/A
363,Neilla,alvarez,50000.000000,TU6789B,EconomyClass,N/A
362,Buddy,Moreno,50000.000000,TU6789B,EconomyClass,N/A
361,Sinclair,Diaz,50000.000000,TU6789B,EconomyClass,N/A
360,Honor,Hernandez,30000.000000,TU6789B,EconomyClass,N/A
359,Tully,Ruiz,18000.000000,TU6789B,EconomyClass,N/A
358,Ula,Jimenez,50000.000000,TU6789B,EconomyClass,N/A
357,Nisse,Martin,37000.000000,TU6789B,EconomyClass,N/A
356,Isabelle,Gomez,20000.000000,TU6789B,EconomyClass,N/A
355,Wilfred,Perez,20000.000000,TU6789B,EconomyClass,N/A
354,Kurtis,Sanchez,50000.000000,TU6789B,EconomyClass,N/A
353,Carita,Martinez,42000.000000,TU6789B,EconomyClass,N/A
352,Marieann,Lopez,50000.000000,TU6789B,EconomyClass,N/A
351,Heddi,Rodriguez,20000.000000,TU6789B,EconomyClass,N/A
350,Maiga,Fernandez,20000.000000,TU6789B,EconomyClass,N/A
349,Cassie,Gonzalez,50000.000000,TU6789B,EconomyClass,N/A
348,Jefferey,San Martin,33000.000000,TU6789B,EconomyClass,N/A
347,Tarra,Farias,12000.000000,TU6789B,EconomyClass,N/A
346,Janeta,Mendoza,10000.000000,TU6789B,EconomyClass,N/A
345,Aldric,Guerrero,50000.000000,TU6789B,EconomyClass,N/A
344,Genevra,Venegas,10000.000000,TU6789B,EconomyClass,N/A
343,Johannes,Ortega,18000.000000,TU6789B,EconomyClass,N/A
342,Floria,Toro,12000.000000,TU6789B,EconomyClass,N/A
341,Rafaello,Bustamante,37000.000000,TU6789B,EconomyClass,N/A
340,Melloney,Poblete,33000.000000,TU6789B,EconomyClass,N/A
339,Nona,Donoso,30000.000000,TU6789B,EconomyClass,N/A
338,Filbert,Alvarado,20000.000000,TU6789B,EconomyClass,N/A
337,Lira,Saez,30000.000000,TU6789B,EconomyClass,N/A
336,Dominique,Navarrete,37000.000000,TU6789B,EconomyClass,N/A
335,Rand,Carvajal,20000.000000,TU6789B,EconomyClass,N/A
334,Isak,Sanhueza,20000.000000,TU6789B,EconomyClass,N/A
333,Cornie,Moreno,15000.000000,TU6789B,EconomyClass,N/A
332,Eden,Palma,18000.000000,TU6789B,EconomyClass,N/A
331,Booth,Pino,15000.000000,TU6789B,EconomyClass,N/A
330,Rosemarie,Medina,33000.000000,TU6789B,EconomyClass,N/A
329,Urbano,Bustos,50000.000000,TU6789B,EconomyClass,N/A
328,Matias,Maldonado,33000.000000,TU6789B,EconomyClass,N/A
327,Nerty,Lagos,20000.000000,TU6789B,EconomyClass,N/A
326,Lina,Godoy,12000.000000,TU6789B,EconomyClass,N/A
325,Maynord,Pena,42000.000000,BA2491A,EconomyClass,N/A
324,Ad,Zuniga,33000.000000,BA2491A,EconomyClass,N/A
323,Hilary,Salinas,37000.000000,BA2491A,EconomyClass,N/A
322,Richard,Vidal,42000.000000,BA2491A,EconomyClass,N/A
321,Wilona,Valdes,25000.000000,BA2491A,EconomyClass,N/A
320,Donaugh,Ruiz,12000.000000,BA2491A,EconomyClass,N/A
319,Fan,Escobar,18000.000000,BA2491A,EconomyClass,N/A
318,Urban,Leiva,10000.000000,BA2491A,EconomyClass,N/A
317,Web,Yanez,37000.000000,BA2491A,EconomyClass,N/A
316,Angelika,Caceres,50000.000000,BA2491A,EconomyClass,N/A
315,Timothea,Vazquez,20000.000000,TU6789B,EconomyClass,N/A
314,Charisse,Vargas,50000.000000,TU6789B,EconomyClass,N/A
313,Franchot,Aravena,12000.000000,TU6789B,EconomyClass,N/A
312,Lenci,Romero,42000.000000,TU6789B,EconomyClass,N/A
311,Tabor,Parra,37000.000000,TU6789B,EconomyClass,N/A
310,Brnaba,Aguilera,37000.000000,TU6789B,EconomyClass,N/A
309,Ernestus,Navarro,12000.000000,TU6789B,EconomyClass,N/A
308,Davide,Saavedra,42000.000000,TU6789B,EconomyClass,N/A
307,Renie,Henriquez,33000.000000,TU6789B,EconomyClass,N/A
306,Silvan,Guzman,12000.000000,TU6789B,EconomyClass,N/A
305,Jacinda,Salazar,50000.000000,TU6789B,EconomyClass,N/A
304,Coleman,Garrido,33000.000000,TU6789B,EconomyClass,N/A
303,Charin,Ortiz,12000.000000,TU6789B,EconomyClass,N/A
302,Ron,Gallardo,20000.000000,TU6789B,EconomyClass,N/A
301,Cos,Alarcon,30000.000000,TU6789B,EconomyClass,N/A
300,Zabrina,Olivares,12000.000000,TU6789B,EconomyClass,N/A
299,Jody,Cardenas,33000.000000,TU6789B,EconomyClass,N/A
298,Sayre,Orellana,18000.000000,TU6789B,EconomyClass,N/A
297,Ddene,Sandoval,12000.000000,TU6789B,ExecutiveClass,N/A
296,Leigh,Campos,37000.000000,TU6789B,ExecutiveClass,N/A
295,Catriona,Vega,42000.000000,TU6789B,ExecutiveClass,N/A
294,Cleo,Molina,50000.000000,BA2491A,EconomyClass,N/A
293,Russell,Vera,50000.000000,BA2491A,EconomyClass,N/A
292,Christiano,Bravo,50000.000000,BA2491A,EconomyClass,N/A
291,Chalmers,Miranda,10000.000000,BA2491A,EconomyClass,N/A
290,Gordon,Garcia,25000.000000,BA2491A,EconomyClass,N/A
289,Dulcea,Riquelme,25000.000000,BA2491A,EconomyClass,N/A
288,Dudley,Figueroa,42000.000000,BA2491A,EconomyClass,N/A
287,Ofelia,Rivera,30000.000000,BA2491A,EconomyClass,N/A
286,Jodi,Vergara,30000.000000,BA2491A,EconomyClass,N/A
285,Bartel,Jara,37000.000000,TU6789B,ExecutiveClass,N/A
284,Sidonia,Nunez,10000.000000,TU6789B,ExecutiveClass,N/A
283,Osbert,Herrera,15000.000000,TU6789B,ExecutiveClass,N/A
282,Edie,Cortes,25000.000000,TU6789B,ExecutiveClass,N/A
281,Rafaellle,Gomez,50000.000000,TU6789B,ExecutiveClass,N/A
280,Koenraad,Carrasco,20000.000000,TU6789B,ExecutiveClass,N/A
279,Alberik,Ramirez,50000.000000,TU6789B,ExecutiveClass,N/A
278,Emory,Fernandez,15000.000000,TU6789B,ExecutiveClass,N/A
277,Kiel,Sanchez,50000.000000,TU6789B,ExecutiveClass,N/A
276,Dru,Vasquez,50000.000000,TU6789B,ExecutiveClass,N/A
275,Charmian,alvarez,15000.000000,TU6789B,ExecutiveClass,N/A
274,Dyann,Pizarro,50000.000000,TU6789B,ExecutiveClass,N/A
273,Bond,Castro,10000.000000,TU6789B,ExecutiveClass,N/A
272,Duncan,Gutierrez,37000.000000,TU6789B,ExecutiveClass,N/A
271,Larina,Reyes,18000.000000,TU6789B,ExecutiveClass,N/A
270,Edlin,Tapia,20000.000000,TU6789B,ExecutiveClass,N/A
269,Shirl,Castillo,20000.000000,TU6789B,ExecutiveClass,N/A
268,Channa,Valenzuela,50000.000000,TU6789B,ExecutiveClass,N/A
267,Abbie,Espinoza,25000.000000,TU6789B,ExecutiveClass,N/A
266,Arel,Flores,30000.000000,TU6789B,ExecutiveClass,N/A
265,Blair,Araya,50000.000000,TU6789B,ExecutiveClass,N/A
264,Stephen,Torres,37000.000000,TU6789B,ExecutiveClass,N/A
263,Orelee,Hernandez,20000.000000,TU6789B,ExecutiveClass,N/A
262,Melisa,Fuentes,12000.000000,TU6789B,ExecutiveClass,N/A
261,Josiah,Lopez,10000.000000,TU6789B,ExecutiveClass,N/A
260,Tadd,Rodriguez,50000.000000,TU6789B,ExecutiveClass,N/A
259,Merrile,Morales,50000.000000,BA2491A,EconomyClass,N/A
258,Sydelle,Sepulveda,30000.000000,BA2491A,EconomyClass,N/A
257,Jori,Martinez,12000.000000,BA2491A,EconomyClass,N/A
256,Gusty,Silva,10000.000000,BA2491A,EconomyClass,N/A
255,Yuri,Contreras,25000.000000,BA2491A,EconomyClass,N/A
254,Morris,Soto,10000.000000,BA2491A,EconomyClass,N/A
253,Norene,Perez,25000.000000,BA2491A,EconomyClass,N/A
252,Karlotte,Diaz,20000.000000,BA2491A,EconomyClass,N/A
251,Jenna,Rojas,30000.000000,TU6789B,ExecutiveClass,N/A
250,Tiphani,Munoz,42000.000000,TU6789B,ExecutiveClass,N/A
249,Jessee,Gonzalez,30000.000000,TU6789B,ExecutiveClass,N/A
248,Maynard,Ramos,18000.000000,TU6789B,ExecutiveClass,N/A
247,Dotty,Vazquez,42000.000000,TU6789B,ExecutiveClass,N/A
246,Adam,Dominguez,20000.000000,TU6789B,ExecutiveClass,N/A
245,Donal,Torres,18000.000000,TU6789B,ExecutiveClass,N/A
244,Cal,Navarro,42000.000000,TU6789B,ExecutiveClass,N/A
243,Brigham,Gutierrez,25000.000000,TU6789B,ExecutiveClass,N/A
242,Broddie,Alonso,42000.000000,TU6789B,ExecutiveClass,N/A
241,Alexandra,Romero,42000.000000,TU6789B,FirstClass,N/A
240,Billie,Munoz,37000.000000,TU6789B,FirstClass,N/A
239,Chet,alvarez,42000.000000,TU6789B,FirstClass,N/A
238,Leeanne,Moreno,15000.000000,TU6789B,FirstClass,N/A
237,Cathleen,Diaz,10000.000000,TU6789B,FirstClass,N/A
236,Anastasia,Hernandez,18000.000000,BA2491A,EconomyClass,N/A
235,Hiram,Ruiz,20000.000000,BA2491A,EconomyClass,N/A
234,Pietro,Jimenez,18000.000000,BA2491A,EconomyClass,N/A
233,Peter,Martin,12000.000000,BA2491A,EconomyClass,N/A
232,Alla,Gomez,30000.000000,BA2491A,EconomyClass,N/A
231,Marmaduke,Perez,10000.000000,BA2491A,EconomyClass,N/A
230,Liana,Sanchez,33000.000000,TU6789B,FirstClass,N/A
229,Tabina,Martinez,10000.000000,TU6789B,FirstClass,N/A
228,Jeniece,Lopez,15000.000000,TU6789B,FirstClass,N/A
227,Adel,Rodriguez,30000.000000,TU6789B,FirstClass,N/A
226,Trula,Fernandez,30000.000000,TU6789B,FirstClass,N/A
225,Adriano,Gonzalez,33000.000000,TU6789B,FirstClass,N/A
224,Zonda,San Martin,33000.000000,TU6789B,FirstClass,N/A
223,Enrico,Farias,50000.000000,TU6789B,FirstClass,N/A
222,Marina,Mendoza,12000.000000,TU6789B,FirstClass,N/A
221,Aylmer,Guerrero,33000.000000,TU6789B,FirstClass,N/A
220,Mozes,Venegas,25000.000000,TU6789B,FirstClass,N/A
219,Kaile,Ortega,33000.000000,TU6789B,FirstClass,N/A
218,Romola,Toro,50000.000000,TU6789B,FirstClass,N/A
217,Dwight,Bustamante,42000.000000,TU6789B,FirstClass,N/A
216,Nikoletta,Poblete,12000.000000,TU6789B,FirstClass,N/A
215,Nita,Donoso,12000.000000,TU6789B,FirstClass,N/A
214,Nicolina,Alvarado,30000.000000,TU6789B,FirstClass,N/A
213,Darwin,Saez,18000.000000,TU6789B,FirstClass,N/A
212,Thomasina,Navarrete,42000.000000,TU6789B,FirstClass,N/A
211,Marcile,Carvajal,30000.000000,TU6789B,FirstClass,N/A
210,Sayres,Sanhueza,10000.000000,TU6789B,FirstClass,N/A
209,Asia,Moreno,37000.000000,TU6789B,FirstClass,N/A
208,Weider,Palma,50000.000000,TU6789B,FirstClass,N/A
207,Maddie,Pino,33000.000000,TU6789B,FirstClass,N/A
206,Borden,Medina,12000.000000,TU6789B,FirstClass,N/A
205,Mallorie,Bustos,30000.000000,TU6789B,FirstClass,N/A
204,Jillana,Maldonado,18000.000000,BA2491A,EconomyClass,N/A
203,Cissiee,Lagos,18000.000000,BA2491A,EconomyClass,N/A
202,Yorke,Godoy,15000.000000,BA2491A,EconomyClass,N/A
201,Odey,Pena,20000.000000,BA2491A,EconomyClass,N/A
200,Alana,Zuniga,30000.000000,BA2491A,EconomyClass,N/A
199,Eliot,Salinas,12000.000000,BA2491A,EconomyClass,N/A
198,Eleonora,Vidal,42000.000000,BA2491A,EconomyClass,N/A
197,Alasteir,Valdes,20000.000000,BA2491A,ExecutiveClass,N/A
196,Otho,Ruiz,20000.000000,BA2491A,ExecutiveClass,N/A
195,Roderigo,Escobar,20000.000000,BA2491A,ExecutiveClass,N/A
194,Philipa,Leiva,42000.000000,TU6789B,FirstClass,N/A
193,Zolly,Yanez,25000.000000,MM0987B,ExecutiveClass,N/A
192,Farand,Caceres,42000.000000,MM0987B,ExecutiveClass,N/A
191,Bethina,Vazquez,15000.000000,MM0987B,ExecutiveClass,N/A
190,Waldon,Vargas,30000.000000,MM0987B,ExecutiveClass,N/A
189,Maible,Aravena,18000.000000,MM0987B,ExecutiveClass,N/A
188,Scarface,Romero,50000.000000,MM0987B,ExecutiveClass,N/A
187,Sebastien,Parra,37000.000000,MM0987B,ExecutiveClass,N/A
186,Ian,Aguilera,42000.000000,MM0987B,ExecutiveClass,N/A
185,Marcellus,Navarro,30000.000000,MM0987B,ExecutiveClass,N/A
184,Eric,Saavedra,50000.000000,MM0987B,ExecutiveClass,N/A
183,Ruthe,Henriquez,30000.000000,MM0987B,ExecutiveClass,N/A
182,Loutitia,Guzman,25000.000000,MM0987B,ExecutiveClass,N/A
181,Guillaume,Salazar,37000.000000,MM0987B,ExecutiveClass,N/A
180,Nial,Garrido,15000.000000,MM0987B,ExecutiveClass,N/A
179,Lynea,Ortiz,20000.000000,MM0987B,ExecutiveClass,N/A
178,Mellicent,Gallardo,50000.000000,MM0987B,ExecutiveClass,N/A
177,Robbi,Alarcon,10000.000000,MM0987B,ExecutiveClass,N/A
176,Wanids,Olivares,30000.000000,MM0987B,ExecutiveClass,N/A
175,Lorant,Cardenas,50000.000000,MM0987B,ExecutiveClass,N/A
174,Prentiss,Orellana,30000.000000,IB0800A,EconomyClass,N/A
173,Brandon,Sandoval,18000.000000,IB0800A,EconomyClass,N/A
172,Addy,Campos,33000.000000,IB0800A,EconomyClass,N/A
171,Clair,Vega,37000.000000,IB0800A,EconomyClass,N/A
170,Devi,Molina,25000.000000,IB0800A,EconomyClass,N/A
169,Farley,Vera,12000.000000,IB0800A,EconomyClass,N/A
168,Lodovico,Bravo,18000.000000,IB0800A,EconomyClass,N/A
167,Didi,Miranda,15000.000000,IB0800A,EconomyClass,N/A
166,Darleen,Garcia,42000.000000,IB0800A,EconomyClass,N/A
165,Sib,Riquelme,33000.000000,IB0800A,EconomyClass,N/A
164,Cathrin,Figueroa,30000.000000,IB0800A,EconomyClass,N/A
163,Pascale,Rivera,15000.000000,IB0800A,EconomyClass,N/A
162,Ofella,Vergara,50000.000000,IB0800A,EconomyClass,N/A
161,Ferdie,Jara,15000.000000,IB0800A,EconomyClass,N/A
160,Leonie,Nunez,50000.000000,IB0800A,EconomyClass,N/A
159,Kipp,Herrera,15000.000000,IB0800A,EconomyClass,N/A
158,Clarie,Cortes,42000.000000,IB0800A,EconomyClass,N/A
157,Maryjo,Gomez,12000.000000,IB0800A,EconomyClass,N/A
156,Tanny,Carrasco,42000.000000,IB0800A,EconomyClass,N/A
155,Osbert,Ramirez,42000.000000,IB0800A,EconomyClass,N/A
154,Bertine,Fernandez,25000.000000,IB0800A,EconomyClass,N/A
153,Byram,Sanchez,42000.000000,IB0800A,EconomyClass,N/A
152,Babbie,Vasquez,15000.000000,IB0800A,EconomyClass,N/A
151,Meryl,alvarez,12000.000000,IB0800A,EconomyClass,N/A
150,Dot,Pizarro,18000.000000,IB0800A,EconomyClass,N/A
149,Lena,Castro,25000.000000,IB0800A,EconomyClass,N/A
148,Benton,Gutierrez,12000.000000,IB0800A,EconomyClass,N/A
147,Gustie,Reyes,42000.000000,IB0800A,EconomyClass,N/A
146,Armand,Tapia,15000.000000,IB0800A,EconomyClass,N/A
145,Dianna,Castillo,20000.000000,IB0800A,EconomyClass,N/A
144,Flora,Valenzuela,33000.000000,IB0800A,EconomyClass,N/A
143,Jenna,Espinoza,25000.000000,IB0800A,EconomyClass,N/A
142,Tanya,Flores,30000.000000,IB0800A,EconomyClass,N/A
141,Coreen,Araya,18000.000000,IB0800A,EconomyClass,N/A
140,Corbin,Torres,42000.000000,BA2491A,ExecutiveClass,N/A
139,Yankee,Hernandez,42000.000000,BA2491A,ExecutiveClass,N/A
138,Brynn,Fuentes,50000.000000,BA2491A,ExecutiveClass,N/A
137,Johnette,Lopez,10000.000000,BA2491A,ExecutiveClass,N/A
136,Gideon,Rodriguez,15000.000000,BA2491A,ExecutiveClass,N/A
135,Dunstan,Morales,20000.000000,BA2491A,ExecutiveClass,N/A
134,Stephenie,Sepulveda,50000.000000,BA2491A,ExecutiveClass,N/A
133,Cordy,Martinez,18000.000000,BA2491A,ExecutiveClass,N/A
132,Dante,Silva,30000.000000,BA2491A,ExecutiveClass,N/A
131,Tom,Contreras,33000.000000,BA2491A,ExecutiveClass,N/A
130,Omero,Soto,10000.000000,BA2491A,ExecutiveClass,N/A
129,Vina,Perez,42000.000000,BA2491A,ExecutiveClass,N/A
128,Zacharie,Diaz,30000.000000,BA2491A,ExecutiveClass,N/A
127,Cindelyn,Rojas,12000.000000,IB0800A,EconomyClass,N/A
126,Fonzie,Munoz,15000.000000,IB0800A,EconomyClass,N/A
125,Esteban,Gonzalez,15000.000000,IB0800A,EconomyClass,N/A
124,Pen,Ramos,18000.000000,IB0800A,EconomyClass,N/A
123,Pippa,Vazquez,20000.000000,IB0800A,ExecutiveClass,N/A
122,Linda,Dominguez,30000.000000,IB0800A,ExecutiveClass,N/A
121,Patrizio,Torres,15000.000000,IB0800A,ExecutiveClass,N/A
120,Lorettalorna,Navarro,25000.000000,MM0987B,ExecutiveClass,N/A
119,Glenda,Gutierrez,37000.000000,MM0987B,ExecutiveClass,N/A
118,Stu,Alonso,12000.000000,MM0987B,ExecutiveClass,N/A
117,Cherrita,Romero,33000.000000,MM0987B,ExecutiveClass,N/A
116,Tracey,Munoz,20000.000000,IB0800A,ExecutiveClass,N/A
115,Harmon,alvarez,50000.000000,IB0800A,ExecutiveClass,N/A
114,Freddie,Moreno,12000.000000,IB0800A,ExecutiveClass,N/A
113,Johnathon,Diaz,15000.000000,IB0800A,ExecutiveClass,N/A
112,Tersina,Hernandez,30000.000000,IB0800A,ExecutiveClass,N/A
111,Petey,Ruiz,15000.000000,IB0800A,ExecutiveClass,N/A
110,Dominick,Jimenez,30000.000000,IB0800A,ExecutiveClass,N/A
109,Trixie,Martin,42000.000000,IB0800A,ExecutiveClass,N/A
108,Carlie,Gomez,10000.000000,MM0987B,ExecutiveClass,N/A
107,Gaven,Perez,10000.000000,MM0987B,ExecutiveClass,N/A
106,Nance,Sanchez,10000.000000,MM0987B,ExecutiveClass,N/A
105,Kilian,Martinez,42000.000000,MM0987B,ExecutiveClass,N/A
104,Geneva,Lopez,33000.000000,MM0987B,ExecutiveClass,N/A
103,Desiri,Rodriguez,25000.000000,MM0987B,ExecutiveClass,N/A
102,Ertha,Fernandez,10000.000000,IB0800A,ExecutiveClass,N/A
101,Marcille,Gonzalez,10000.000000,IB0800A,ExecutiveClass,N/A
100,Georgeta,San Martin,10000.000000,IB0800A,ExecutiveClass,N/A
99,Aleda,Farias,50000.000000,IB0800A,ExecutiveClass,N/A
98,Jacquelin,Mendoza,30000.000000,IB0800A,ExecutiveClass,N/A
97,Marcellus,Guerrero,50000.000000,IB0800A,ExecutiveClass,N/A
96,Martino,Venegas,15000.000000,IB0800A,ExecutiveClass,N/A
95,Kyrstin,Ortega,37000.000000,IB0800A,ExecutiveClass,N/A
94,My,Toro,18000.000000,MM0987B,ExecutiveClass,N/A
93,Nicky,Bustamante,42000.000000,MM0987B,ExecutiveClass,N/A
92,Lonni,Poblete,50000.000000,MM0987B,ExecutiveClass,N/A
91,Sully,Donoso,15000.000000,MM0987B,ExecutiveClass,N/A
90,Margaretha,Alvarado,10000.000000,MM0987B,ExecutiveClass,N/A
89,Guenevere,Saez,30000.000000,MM0987B,ExecutiveClass,N/A
88,George,Navarrete,30000.000000,MM0987B,ExecutiveClass,N/A
87,Joelle,Carvajal,37000.000000,MM0987B,FirstClass,N/A
86,Angie,Sanhueza,20000.000000,MM0987B,FirstClass,N/A
85,Trenton,Moreno,12000.000000,IB0800A,ExecutiveClass,N/A
84,Tatiania,Palma,20000.000000,IB0800A,ExecutiveClass,N/A
83,Lesya,Pino,15000.000000,IB0800A,ExecutiveClass,N/A
82,Kendre,Medina,25000.000000,IB0800A,ExecutiveClass,N/A
81,Kylila,Bustos,12000.000000,IB0800A,ExecutiveClass,N/A
80,Jesselyn,Maldonado,30000.000000,IB0800A,ExecutiveClass,N/A
79,Roland,Lagos,25000.000000,IB0800A,ExecutiveClass,N/A
78,Morse,Godoy,25000.000000,IB0800A,ExecutiveClass,N/A
77,Sacha,Pena,25000.000000,IB0800A,ExecutiveClass,N/A
76,Nananne,Zuniga,33000.000000,IB0800A,ExecutiveClass,N/A
75,Solomon,Salinas,10000.000000,IB0800A,ExecutiveClass,N/A
74,Cristie,Vidal,25000.000000,IB0800A,ExecutiveClass,N/A
73,Cristi,Valdes,42000.000000,IB0800A,FirstClass,N/A
72,Katrine,Ruiz,25000.000000,IB0800A,FirstClass,N/A
71,Shaughn,Escobar,15000.000000,IB0800A,FirstClass,N/A
70,Sayre,Leiva,33000.000000,IB0800A,FirstClass,N/A
69,Paulita,Yanez,50000.000000,IB0800A,FirstClass,N/A
68,Cristobal,Caceres,15000.000000,IB0800A,FirstClass,N/A
67,Blanch,Vazquez,15000.000000,IB0800A,FirstClass,N/A
66,Dominica,Vargas,33000.000000,IB0800A,FirstClass,N/A
65,Star,Aravena,33000.000000,MM0987B,FirstClass,N/A
64,Gabbey,Romero,37000.000000,MM0987B,FirstClass,N/A
63,Loy,Parra,15000.000000,MM0987B,FirstClass,N/A
62,Marysa,Aguilera,20000.000000,MM0987B,FirstClass,N/A
61,Deeyn,Navarro,20000.000000,MM0987B,FirstClass,N/A
60,Kori,Saavedra,50000.000000,MM0987B,FirstClass,N/A
59,Celene,Henriquez,50000.000000,MM0987B,FirstClass,N/A
58,Lianna,Guzman,12000.000000,MM0987B,FirstClass,N/A
57,Homer,Salazar,18000.000000,MM0987B,FirstClass,N/A
56,Bernardine,Garrido,33000.000000,MM0987B,FirstClass,N/A
55,Corina,Ortiz,37000.000000,MM0987B,FirstClass,N/A
54,Julina,Gallardo,33000.000000,MM0987B,FirstClass,N/A
53,Hyacinthie,Alarcon,15000.000000,MM0987B,FirstClass,N/A
52,Carline,Olivares,12000.000000,IB0800A,FirstClass,N/A
51,Marion,Cardenas,50000.000000,IB0800A,FirstClass,N/A
50,Carroll,Orellana,42000.000000,IB0800A,FirstClass,N/A
49,Dagmar,Sandoval,25000.000000,IB0800A,FirstClass,N/A
48,Noella,Campos,15000.000000,IB0800A,FirstClass,N/A
47,Raine,Vega,30000.000000,IB0800A,FirstClass,N/A
46,Lonnard,Molina,50000.000000,IB0800A,FirstClass,N/A
45,Nikoletta,Vera,50000.000000,MM0987B,FirstClass,N/A
44,Margarete,Bravo,50000.000000,BA2491A,ExecutiveClass,N/A
43,Bradney,Miranda,25000.000000,BA2491A,ExecutiveClass,N/A
42,Ame,Garcia,50000.000000,BA2491A,ExecutiveClass,N/A
41,Brnaba,Riquelme,30000.000000,MM0987B,FirstClass,N/A
40,Sydney,Figueroa,10000.000000,MM0987B,FirstClass,N/A
39,Alfredo,Rivera,10000.000000,MM0987B,FirstClass,N/A
38,Roda,Vergara,25000.000000,MM0987B,FirstClass,N/A
37,Stefa,Jara,42000.000000,BA2491A,FirstClass,N/A
36,Cristie,Nunez,10000.000000,BA2491A,FirstClass,N/A
35,Jehanna,Herrera,50000.000000,BA2491A,FirstClass,N/A
34,Redd,Cortes,42000.000000,BA2491A,FirstClass,N/A
33,Earle,Gomez,10000.000000,BA2491A,FirstClass,N/A
32,Katey,Carrasco,42000.000000,MM0987B,FirstClass,N/A
31,Franny,Ramirez,15000.000000,IB0800A,FirstClass,N/A
30,Toby,Fernandez,15000.000000,IB0800A,FirstClass,N/A
29,Gaye,Sanchez,37000.000000,IB0800A,FirstClass,N/A
28,Doro,Vasquez,33000.000000,IB0800A,FirstClass,N/A
27,Anthea,alvarez,42000.000000,MM0987B,FirstClass,N/A
26,Karim,Pizarro,25000.000000,MM0987B,FirstClass,N/A
25,Braden,Castro,25000.000000,MM0987B,FirstClass,N/A
24,Reagen,Gutierrez,42000.000000,MM0987B,FirstClass,N/A
23,Johnny,Reyes,33000.000000,MM0987B,FirstClass,N/A
22,Eugene,Tapia,50000.000000,BA2491A,FirstClass,N/A
21,Bobbye,Castillo,15000.000000,BA2491A,FirstClass,N/A
20,Bellanca,Valenzuela,15000.000000,BA2491A,FirstClass,N/A
19,Park,Espinoza,30000.000000,MM0987B,FirstClass,N/A
18,Cirillo,Flores,50000.000000,MM0987B,FirstClass,N/A
17,Ernesta,Araya,37000.000000,BA2491A,FirstClass,N/A
16,Iver,Torres,12000.000000,BA2491A,FirstClass,N/A
15,Megen,Hernandez,10000.000000,BA2491A,FirstClass,N/A
14,Bronnie,Fuentes,20000.000000,MM0987B,FirstClass,N/A
13,Shel,Lopez,50000.000000,MM0987B,FirstClass,N/A
12,Cordelie,Rodriguez,50000.000000,IB0800A,FirstClass,N/A
11,Brandea,Morales,15000.000000,IB0800A,FirstClass,N/A
10,Aggie,Sepulveda,15000.000000,BA2491A,FirstClass,N/A
9,Jeanine,Martinez,18000.000000,MM0987B,FirstClass,N/A
8,Henrieta,Silva,30000.000000,IB0800A,FirstClass,N/A
7,Kimberlee,Contreras,33000.000000,BA2491A,FirstClass,N/A
6,Gayle,Soto,30000.000000,MM0987B,FirstClass,N/A
5,Sheelagh,Perez,18000.000000,IB0800A,FirstClass,N/A
4,Kimbell,Diaz,50000.000000,BA2491A,FirstClass,N/A
3,Brade,Rojas,20000.000000,MM0987B,FirstClass,N/A
2,Ulrike,Munoz,25000.000000,IB0800A,FirstClass,N/A
1,Jose,de San Martin,10000.000000,ARG1816,FirstClass,N/A
